{"fixing/validation_passed":true,"feature_importance/CreditUtilizationCategory_Low":0.07574810087680817,"CreditRiskNN/val_auc":0.8103988206757892,"ensemble/xgb_precision":0.9593961868374724,"baseline/Random Forest_auc_roc":0.9181654654032861,"ensemble/nn_mlp_final_loss":0.44073618450233637,"xgb_final/accuracy":0.9380782282550455,"baseline/Random Forest_ks_statistic":0.6716913734595464,"neural_network/auc_roc":0.8296465182193091,"ensemble/lr_f1_score":0.7716420364247484,"xgb_final/training_time":1.6560888290405273,"baseline/Logistic Regression_average_precision":0.8523167904205113,"xgb_optuna/optimization_time":423.85558223724365,"ensemble/xgb_auc_roc":0.982572407793204,"updated_ensemble/f1_score":0.9478942072732499,"xgb_optuna/best_auc":0.9817340584620704,"project/final_best_model":"Updated_Ensemble","epoch":19,"project/final_best_auc":0.9817340584620704,"ensemble/auc_roc":0.9836528095604038,"ensemble/rf_f1_score":0.8822930982169948,"updated_ensemble/auc_roc":0.9846189492223323,"business/portfolio_dashboard":{"_type":"image-file","sha256":"efd102b74229a467da2cd7a3fc38da5d4376bf2a3f8d2d6ba9ee0dc477bd152e","size":349514,"path":"media/images/business/portfolio_dashboard_68_efd102b74229a467da2c.png","format":"png","width":4615,"height":2016},"ensemble/lr_recall":0.7544561528844437,"CreditRiskNN/epoch_time":9.17734408378601,"fixing/fixed_min_score":350,"ensemble/rf_accuracy":0.8822111091266297,"xgb_optuna/trial_number":19,"xgb_optuna/trial_auc":0.9795539180971022,"baseline/Logistic Regression_fit_time":2.618325710296631,"ensemble/xgb_recall":0.9149133773888194,"baseline/Random Forest_gini":0.8363309308065723,"ensemble/balanced_accuracy":0.9479371316306484,"feature_importance/NumberRealEstateLoansOrLines":0.0544574074447155,"neural_network/accuracy":0.7368637256652973,"_wandb":{"runtime":502},"ensemble/lr_accuracy":0.7767279871405608,"baseline/Logistic Regression_recall":0.761778889087337,"visualizations/score_vs_prob":{"height":1734,"_type":"image-file","sha256":"4ba32e325105ba816e399d0f6fec38ca73a384d7f1d2072d0c3f07f8f1f9a3d9","size":254265,"path":"media/images/visualizations/score_vs_prob_63_4ba32e325105ba816e39.png","format":"png","width":3497},"baseline/Random Forest_accuracy":0.8337738881943204,"neural_network/training_time":213.50191187858582,"ensemble/rf_auc_roc":0.9549045381352863,"project/credit_scores_generated":55990,"updated_ensemble/recall":0.9422396856581532,"xgb_optuna/trial_std":0.0008488197391921653,"xgb_optuna/n_trials_completed":20,"baseline/Logistic Regression_auc_roc":0.8553857680234723,"ensemble/xgb_training_time":4.042794704437256,"feature_importance/CreditUtilizationCategory_Very High":0.046465370804071426,"xgb_final/recall":0.914770494731202,"visualizations/score_histogram":{"format":"png","width":2809,"height":1734,"_type":"image-file","sha256":"4311286b94ede54af20ada15ee876f76dffa559bc0faf64c320c7c4e53f540ef","size":221976,"path":"media/images/visualizations/score_histogram_62_4311286b94ede54af20a.png"},"fixing/original_max_score":1086,"baseline/Logistic Regression_gini":0.7107715360469447,"baseline/Logistic Regression_f1_score":0.7717584048058481,"feature_importance/CreditCapacityRatio":0.05697309598326683,"feature_importance/TotalDelinquencies":0.4142290949821472,"CreditRiskNN/train_loss":0.6523029141426087,"ensemble/rf_training_time":5.640748023986816,"visualizations/ks_plot":{"sha256":"decccc6b792ebea8e4ddb69a6bdba0d14d4a9972a4ecb28a2efc109e7f388116","size":170075,"path":"media/images/visualizations/ks_plot_67_decccc6b792ebea8e4dd.png","format":"png","width":2503,"height":1633,"_type":"image-file"},"project/business_dataset_created":279948,"data_split/split_time":0.1385498046875,"feature_importance/age":0.06259865313768387,"baseline/Logistic Regression_accuracy":0.7747097696017146,"ensemble/xgb_accuracy":0.9380960885872477,"ensemble/auc_pr":0.9870191936683321,"ensemble/precision":0.954183266932271,"ensemble/nn_mlp_epochs":51,"CreditRiskNN/val_loss":0.6918422136132576,"ensemble/training_time":49.1555552482605,"neural_network/avg_epoch_time":10.670840620994568,"_runtime":502,"neural_network/f1_score":0.7554079853905536,"xgb_final/auc_roc":0.9825002257662102,"ensemble/nn_mlp_precision":0.7937442042941721,"ensemble/lr_auc_roc":0.8572021845428794,"fixing/fixed_max_score":800,"ensemble/lr_training_time":6.117087364196777,"baseline/Logistic Regression_model":"Logistic Regression","feature_importance/NumberOfTime60-89DaysPastDueNotWorse":0.028095662593841553,"ensemble/nn_mlp_recall":0.7949633863189856,"baseline/Logistic Regression_precision":0.7820028601811448,"xgb_final/f1":0.936600530309957,"baseline/Random Forest_fit_time":5.938525915145874,"ensemble/nn_mlp_training_time":32.1770715713501,"baseline/Logistic Regression_brier_score":0.15523243130261918,"baseline/Random Forest_brier_score":0.11741104072819,"visualizations/roc_pr_combined":{"format":"png","width":3898,"height":1631,"_type":"image-file","sha256":"92c21869ca474fc1690fa7a9e4e3cac7fc1ab6019f1f80ca3261f0f3a2bea65d","size":176071,"path":"media/images/visualizations/roc_pr_combined_66_92c21869ca474fc1690f.png"},"fixing/original_min_score":-638,"ensemble/lr_precision":0.7896291311499926,"baseline/Random Forest_precision":0.8394855398924574,"feature_importance/NumberOfTimes90DaysLate":0.060387492179870605,"project/completion_status":"SUCCESS","_step":70,"ensemble/f1_score":0.9475766567754699,"ensemble/nn_mlp_f1_score":0.7943533275034355,"ensemble/xgb_f1_score":0.9366269289841294,"xgb_optuna/cv_time":20.72613549232483,"data_split/validation_samples":55990,"visualizations/score_band_stacked":{"width":3618,"height":1957,"_type":"image-file","sha256":"fa432573e0c0a4eb82b258a03c06c07ee9bc0abfc608ea31db01016fe47b002d","size":258285,"path":"media/images/visualizations/score_band_stacked_64_fa432573e0c0a4eb82b2.png","format":"png"},"visualizations/score_dual_axis":{"sha256":"c28d2fb91329ccdadec99ba7caf83972b402e261f0983e62e3cd07120de93932","size":333151,"path":"media/images/visualizations/score_dual_axis_65_c28d2fb91329ccdadec9.png","format":"png","width":3799,"height":2188,"_type":"image-file"},"ensemble/nn_mlp_auc_roc":0.873045050112124,"CreditRiskNN/learning_rate":0.0005782172325201155,"feature_importance/RevolvingUtilizationOfUnsecuredLines":0.06416069716215134,"baseline/Logistic Regression_ks_statistic":0.5499910698338989,"baseline/Random Forest_average_precision":0.9207356656250886,"updated_ensemble/training_time":15.985428094863892,"ensemble/nn_mlp_accuracy":0.7941953920342918,"data_split/train_samples":223958,"ensemble/rf_recall":0.8829076620825147,"xgb_final/precision":0.9594979393031098,"baseline/Logistic Regression_inference_time":0.008311033248901367,"fixing/method_used":"Method 4 (Winsorize & Scale)","baseline/Random Forest_model":"Random Forest","_timestamp":1.7651969398680124e+09,"ensemble/accuracy":0.9479371316306483,"baseline/Random Forest_recall":0.8253616717270941,"ensemble/rf_precision":0.8816793893129771,"feature_importance/NumberOfDependents":0.0310671404004097,"updated_ensemble/precision":0.9536170058927732,"baseline/Random Forest_f1_score":0.832363695311515,"ensemble/recall":0.9410609037328095,"baseline/Random Forest_inference_time":0.07736039161682129}