{"ensemble/xgb_f1_score":0.9317255869187905,"updated_ensemble/auc_roc":0.9835180624611448,"project/business_dataset_created":279948,"ensemble/lr_recall":0.7544561528844437,"baseline/Random Forest_f1_score":0.832363695311515,"baseline/Logistic Regression_recall":0.761778889087337,"baseline/Logistic Regression_gini":0.7107715360469447,"baseline/Random Forest_auc_roc":0.9181654654032861,"ensemble/auc_pr":0.9858625470798691,"ensemble/recall":0.9393820325058047,"ensemble/xgb_recall":0.9108412216467227,"CreditRiskNN/epoch_time":8.709099292755127,"visualizations/score_histogram":{"_type":"image-file","sha256":"903e348acc6a34df444f603e854ce14c5b126e7865af8223108531942c1bc3f0","size":221102,"path":"media/images/visualizations/score_histogram_62_903e348acc6a34df444f.png","format":"png","width":2809,"height":1734},"xgb_optuna/best_auc":0.9799777043105999,"baseline/Random Forest_average_precision":0.9207356656250886,"ensemble/nn_mlp_final_loss":0.44073618450233637,"ensemble/nn_mlp_training_time":29.768725633621216,"ensemble/rf_accuracy":0.8822111091266297,"ensemble/nn_mlp_f1_score":0.7943533275034355,"ensemble/xgb_precision":0.9535901271503365,"updated_ensemble/precision":0.951228323699422,"ensemble/training_time":47.37370157241821,"baseline/Logistic Regression_inference_time":0.007301807403564453,"xgb_optuna/cv_time":14.776813745498657,"CreditRiskNN/val_auc":0.8103988206757892,"baseline/Logistic Regression_average_precision":0.8523167904205113,"feature_importance/NumberOfTime60-89DaysPastDueNotWorse":0.03837752714753151,"ensemble/balanced_accuracy":0.945704590105376,"ensemble/rf_auc_roc":0.9549045381352863,"updated_ensemble/training_time":15.259549856185913,"neural_network/training_time":177.2369248867035,"ensemble/f1_score":0.9453591199942484,"_step":69,"ensemble/rf_precision":0.8816793893129771,"xgb_final/f1":0.9321108290259539,"ensemble/nn_mlp_precision":0.7937442042941721,"baseline/Logistic Regression_model":"Logistic Regression","updated_ensemble/recall":0.9405250937667441,"xgb_optuna/trial_number":19,"feature_importance/age":0.06554733961820602,"baseline/Random Forest_model":"Random Forest","baseline/Logistic Regression_f1_score":0.7717584048058481,"_wandb":{"runtime":4064},"visualizations/score_dual_axis":{"sha256":"3363b6cb5625e41f77e422e01b021063e2e37735a139bfaf8c881b0833ad5b9f","size":332820,"path":"media/images/visualizations/score_dual_axis_65_3363b6cb5625e41f77e4.png","format":"png","width":3799,"height":2188,"_type":"image-file"},"CreditRiskNN/val_loss":0.6918422136132576,"project/completion_status":"SUCCESS","ensemble/precision":0.9514127564125755,"baseline/Random Forest_ks_statistic":0.6716913734595464,"baseline/Logistic Regression_auc_roc":0.8553857680234723,"neural_network/auc_roc":0.8296465182193091,"CreditRiskNN/train_loss":0.6523029141426087,"feature_importance/NumberOfTime30-59DaysPastDueNotWorse":0.035175029188394547,"ensemble/lr_accuracy":0.7767279871405608,"ensemble/accuracy":0.945704590105376,"ensemble/lr_auc_roc":0.8572021845428794,"project/final_best_model":"Updated_Ensemble","data_split/validation_samples":55990,"visualizations/ks_plot":{"width":2503,"height":1633,"_type":"image-file","sha256":"9051523fb0bcf7ca7fc4c41c87d783b3ac064e144556a43cd1901c7eeb0616c1","size":169818,"path":"media/images/visualizations/ks_plot_67_9051523fb0bcf7ca7fc4.png","format":"png"},"feature_importance/CreditUtilizationCategory_Low":0.0685606598854065,"baseline/Random Forest_gini":0.8363309308065723,"neural_network/accuracy":0.7368637256652973,"data_split/split_time":0.12854695320129395,"updated_ensemble/f1_score":0.9458464301751235,"xgb_final/recall":0.9114841936060011,"ensemble/xgb_training_time":3.590704917907715,"data_split/train_samples":223958,"visualizations/score_band_stacked":{"path":"media/images/visualizations/score_band_stacked_64_4330a06370f4444922c4.png","format":"png","width":3618,"height":1957,"_type":"image-file","sha256":"4330a06370f4444922c41f8aa9763b90765c2c8ad2cbda364ceab4a3be6342b5","size":258295},"xgb_final/auc_roc":0.980926843103186,"baseline/Logistic Regression_precision":0.7820028601811448,"visualizations/roc_pr_combined":{"format":"png","width":3898,"height":1631,"_type":"image-file","sha256":"98849606a6d22b05ddf4be1880c08c66e950a83d7716d71a2b32dd98eaf1a37b","size":176559,"path":"media/images/visualizations/roc_pr_combined_66_98849606a6d22b05ddf4.png"},"baseline/Random Forest_recall":0.8253616717270941,"ensemble/rf_training_time":6.226457357406616,"ensemble/xgb_auc_roc":0.980921987415085,"xgb_optuna/trial_auc":0.9789579803905303,"ensemble/lr_training_time":6.5079169273376465,"baseline/Random Forest_accuracy":0.8337738881943204,"baseline/Random Forest_precision":0.8394855398924574,"_runtime":4064,"CreditRiskNN/learning_rate":0.0005782172325201155,"xgb_optuna/optimization_time":386.2145130634308,"ensemble/nn_mlp_auc_roc":0.873045050112124,"ensemble/rf_recall":0.8829076620825147,"neural_network/avg_epoch_time":8.858459985256195,"xgb_final/training_time":1.6466968059539795,"ensemble/lr_f1_score":0.7716420364247484,"_timestamp":1.7651927557065296e+09,"xgb_optuna/trial_std":0.0009877954855476304,"xgb_optuna/n_trials_completed":20,"feature_importance/NumberRealEstateLoansOrLines":0.03801042586565018,"project/final_best_auc":0.9799777043105999,"baseline/Logistic Regression_fit_time":2.37134051322937,"ensemble/nn_mlp_recall":0.7949633863189856,"visualizations/score_vs_prob":{"sha256":"24ebee7d3daa929e738d7094d44c5ebb66868558fe95102c0c57dca90e9c97c0","size":252968,"path":"media/images/visualizations/score_vs_prob_63_24ebee7d3daa929e738d.png","format":"png","width":3497,"height":1734,"_type":"image-file"},"baseline/Logistic Regression_ks_statistic":0.5499910698338989,"feature_importance/CreditUtilizationCategory_Very High":0.04893847182393074,"feature_importance/TotalDelinquencies":0.35785698890686035,"feature_importance/CreditCapacityRatio":0.05280611664056778,"ensemble/rf_f1_score":0.8822930982169948,"project/credit_scores_generated":55990,"epoch":19,"xgb_final/precision":0.9536926296905367,"feature_importance/NumberOfTimes90DaysLate":0.09582748264074326,"baseline/Random Forest_brier_score":0.11741104072819,"feature_importance/RevolvingUtilizationOfUnsecuredLines":0.07914136350154877,"baseline/Random Forest_fit_time":5.0938720703125,"baseline/Logistic Regression_accuracy":0.7747097696017146,"business/portfolio_dashboard":{"sha256":"efd102b74229a467da2cd7a3fc38da5d4376bf2a3f8d2d6ba9ee0dc477bd152e","size":349514,"path":"media/images/business/portfolio_dashboard_68_efd102b74229a467da2c.png","format":"png","width":4615,"height":2016,"_type":"image-file"},"ensemble/xgb_accuracy":0.9332559385604572,"neural_network/f1_score":0.7554079853905536,"ensemble/nn_mlp_epochs":51,"ensemble/nn_mlp_accuracy":0.7941953920342918,"baseline/Random Forest_inference_time":0.06191563606262207,"ensemble/lr_precision":0.7896291311499926,"baseline/Logistic Regression_brier_score":0.15523243130261918,"ensemble/auc_roc":0.9825079428077648,"xgb_final/accuracy":0.9336131452045008}