{"baseline/Random Forest_precision":0.8394855398924574,"ensemble/nn_mlp_recall":0.7949633863189856,"fixing/fixed_max_score":800,"visualizations/score_histogram":{"_type":"image-file","sha256":"5f54ec7d8278f9c7393985be288eeb0d34d61901b7f1b2bd7e50eb02eecbe91f","size":227650,"path":"media/images/visualizations/score_histogram_62_5f54ec7d8278f9c73939.png","format":"png","width":2809,"height":1734},"xgb_final/f1":0.9415597415597415,"data_split/split_time":0.11505913734436035,"baseline/Random Forest_average_precision":0.9207356656250886,"ensemble/rf_recall":0.8829076620825147,"updated_ensemble/auc_roc":0.9853960239181077,"ensemble/rf_training_time":5.774004936218262,"updated_ensemble/f1_score":0.9490909744825478,"feature_importance/TotalDelinquencies":0.30334192514419556,"feature_importance/NumberOfDependents":0.03597920015454292,"_wandb":{"runtime":915},"baseline/Random Forest_model":"Random Forest","fixing/original_max_score":1086,"fixing/method_used":"Method 4 (Winsorize & Scale)","ensemble/rf_precision":0.8816793893129771,"ensemble/lr_recall":0.7544561528844437,"project/final_best_auc":0.9837180028001115,"feature_importance/CreditUtilizationCategory_Low":0.07920657843351364,"ensemble/accuracy":0.9490266118949813,"feature_importance/RevolvingUtilizationOfUnsecuredLines":0.04694443568587303,"xgb_optuna/trial_auc":0.9802384137517585,"project/business_dataset_created":279948,"data_split/train_samples":223958,"ensemble/rf_accuracy":0.8822111091266297,"visualizations/score_dual_axis":{"_type":"image-file","sha256":"2fef2771dad7cb9ef7bf72e736505acf872b344f676bc5bccbeb4952afa29085","size":330419,"path":"media/images/visualizations/score_dual_axis_65_2fef2771dad7cb9ef7bf.png","format":"png","width":3799,"height":2188},"fixing/fixed_min_score":350,"ensemble/auc_roc":0.984547750327038,"ensemble/recall":0.9410251830684051,"ensemble/balanced_accuracy":0.9490266118949813,"ensemble/nn_mlp_training_time":30.627250909805298,"ensemble/xgb_accuracy":0.9422754063225576,"xgb_optuna/best_auc":0.9837180028001115,"baseline/Logistic Regression_accuracy":0.7747097696017146,"xgb_final/training_time":2.8905584812164307,"ensemble/nn_mlp_accuracy":0.7941953920342918,"feature_importance/CreditUtilizationCategory_Very High":0.09235021471977234,"CreditRiskNN/train_loss":0.6523029141426087,"baseline/Random Forest_accuracy":0.8337738881943204,"baseline/Logistic Regression_ks_statistic":0.5499910698338989,"neural_network/accuracy":0.7368637256652973,"xgb_final/recall":0.9239864261475264,"xgb_optuna/n_trials_completed":20,"ensemble/lr_auc_roc":0.8572021845428794,"CreditRiskNN/val_auc":0.8103988206757892,"baseline/Logistic Regression_model":"Logistic Regression","feature_importance/NumberOfOpenCreditLinesAndLoans":0.03599376976490021,"xgb_optuna/trial_std":0.0008795296385809344,"updated_ensemble/precision":0.9556384442674006,"baseline/Random Forest_inference_time":0.05885648727416992,"ensemble/nn_mlp_auc_roc":0.873045050112124,"ensemble/nn_mlp_epochs":51,"baseline/Random Forest_ks_statistic":0.6716913734595464,"data_split/validation_samples":55990,"ensemble/auc_pr":0.9878119493040664,"neural_network/avg_epoch_time":9.873880541324615,"CreditRiskNN/learning_rate":0.0005782172325201155,"ensemble/nn_mlp_final_loss":0.44073618450233637,"baseline/Logistic Regression_auc_roc":0.8553857680234723,"ensemble/nn_mlp_f1_score":0.7943533275034355,"_runtime":915,"ensemble/lr_accuracy":0.7767279871405608,"neural_network/auc_roc":0.8296465182193091,"visualizations/score_vs_prob":{"size":251224,"path":"media/images/visualizations/score_vs_prob_63_add1f9b2cfb06adcba24.png","format":"png","width":3497,"height":1734,"_type":"image-file","sha256":"add1f9b2cfb06adcba246380cab031044799949cda62e01356ad21feb3bbed22"},"xgb_final/auc_roc":0.9847297330446546,"ensemble/xgb_f1_score":0.9411293260473589,"feature_importance/CreditCapacityRatio":0.05608609318733215,"ensemble/precision":0.9563291828511271,"baseline/Logistic Regression_brier_score":0.15523243130261918,"xgb_optuna/cv_time":21.211269855499268,"xgb_optuna/trial_number":19,"ensemble/xgb_training_time":5.486788749694824,"fixing/original_min_score":-638,"baseline/Random Forest_recall":0.8253616717270941,"ensemble/xgb_precision":0.9601932726259059,"neural_network/training_time":197.5494349002838,"ensemble/rf_f1_score":0.8822930982169948,"baseline/Random Forest_brier_score":0.11741104072819,"xgb_final/accuracy":0.9426504732988034,"_timestamp":1.7651983194377582e+09,"business/portfolio_dashboard":{"format":"png","width":4615,"height":2016,"_type":"image-file","sha256":"cffed19e3c7b9598e24c6ead25fc6a8d55e3423eb149ab999ac1f400461391a9","size":349629,"path":"media/images/business/portfolio_dashboard_68_cffed19e3c7b9598e24c.png"},"fixing/validation_passed":true,"baseline/Logistic Regression_fit_time":2.435464859008789,"epoch":19,"baseline/Random Forest_f1_score":0.832363695311515,"baseline/Logistic Regression_f1_score":0.7717584048058481,"visualizations/roc_pr_combined":{"width":3898,"height":1631,"_type":"image-file","sha256":"8cdc093b82a76f86786b1e6b9fec6464dafff766100241683a5ef6ba67fb4157","size":174958,"path":"media/images/visualizations/roc_pr_combined_66_8cdc093b82a76f86786b.png","format":"png"},"ensemble/lr_precision":0.7896291311499926,"baseline/Logistic Regression_gini":0.7107715360469447,"_step":70,"CreditRiskNN/epoch_time":8.450766563415527,"ensemble/lr_f1_score":0.7716420364247484,"project/final_best_model":"Updated_Ensemble","ensemble/nn_mlp_precision":0.7937442042941721,"baseline/Random Forest_auc_roc":0.9181654654032861,"baseline/Logistic Regression_recall":0.761778889087337,"project/completion_status":"SUCCESS","feature_importance/NumberOfTimes90DaysLate":0.0748806819319725,"updated_ensemble/recall":0.9426326129666012,"ensemble/training_time":49.27401113510132,"CreditRiskNN/val_loss":0.6918422136132576,"ensemble/xgb_recall":0.9228076442221825,"feature_importance/age":0.06658389419317245,"xgb_optuna/optimization_time":449.0121190547943,"baseline/Logistic Regression_inference_time":0.008014202117919922,"baseline/Logistic Regression_precision":0.7820028601811448,"baseline/Random Forest_fit_time":4.856485366821289,"xgb_final/precision":0.9598144712430426,"baseline/Logistic Regression_average_precision":0.8523167904205113,"feature_importance/NumberRealEstateLoansOrLines":0.07457443326711655,"ensemble/lr_training_time":6.059799909591675,"ensemble/rf_auc_roc":0.9549045381352863,"updated_ensemble/training_time":17.924577236175537,"ensemble/xgb_auc_roc":0.9846984087206396,"neural_network/f1_score":0.7554079853905536,"visualizations/score_band_stacked":{"_type":"image-file","sha256":"9dbcf877d1eca092ddaea7b28d69c7e2b8e75aef93a2a627cdbfdd7a4af3b2a8","size":258392,"path":"media/images/visualizations/score_band_stacked_64_9dbcf877d1eca092ddae.png","format":"png","width":3618,"height":1957},"project/credit_scores_generated":55990,"ensemble/f1_score":0.9486154621727702,"baseline/Random Forest_gini":0.8363309308065723,"visualizations/ks_plot":{"path":"media/images/visualizations/ks_plot_67_83d69d2be0648e9cceab.png","format":"png","width":2503,"height":1633,"_type":"image-file","sha256":"83d69d2be0648e9cceab99a2a28d7fcd866cd374a4d33f829f861d50fe2d32aa","size":168221}}