{"baseline/Random Forest_model":"Random Forest","visualizations/score_dual_axis":{"format":"png","width":3799,"height":2188,"_type":"image-file","sha256":"06041d57702b07f6dfa1ccaf6c896b81739907f0100f1928a408308e0d061e4d","size":334249,"path":"media/images/visualizations/score_dual_axis_65_06041d57702b07f6dfa1.png"},"project/completion_status":"SUCCESS","neural_network/auc_roc":0.8296465182193091,"ensemble/xgb_accuracy":0.9404357921057331,"CreditRiskNN/val_loss":0.6918422136132576,"visualizations/score_band_stacked":{"sha256":"a0f1c2af5586d5f257dd66aa86f381304e79ff9e47e6f6a0cb8ebc6543b42199","size":258098,"path":"media/images/visualizations/score_band_stacked_64_a0f1c2af5586d5f257dd.png","format":"png","width":3618,"height":1957,"_type":"image-file"},"ensemble/rf_recall":0.8829076620825147,"baseline/Logistic Regression_auc_roc":0.8553857680234723,"fixing/fixed_max_score":800,"_timestamp":1.765199480206076e+09,"baseline/Logistic Regression_fit_time":2.263915538787842,"ensemble/nn_mlp_f1_score":0.7943533275034355,"ensemble/rf_auc_roc":0.9549045381352863,"updated_ensemble/f1_score":0.9490757390491261,"baseline/Random Forest_fit_time":4.561093091964722,"baseline/Logistic Regression_inference_time":0.006323575973510742,"xgb_final/accuracy":0.9407394177531702,"ensemble/lr_recall":0.7544561528844437,"baseline/Random Forest_inference_time":0.05906534194946289,"ensemble/nn_mlp_training_time":32.28926396369934,"feature_importance/RevolvingUtilizationOfUnsecuredLines":0.05757946893572807,"ensemble/xgb_precision":0.9631855747558227,"visualizations/score_histogram":{"height":1734,"_type":"image-file","sha256":"0e50a6c02279cad9e9c864dd4b81ec2311f9f69736edba66634b2d80621d5ba4","size":224481,"path":"media/images/visualizations/score_histogram_62_0e50a6c02279cad9e9c8.png","format":"png","width":2809},"baseline/Random Forest_ks_statistic":0.6716913734595464,"feature_importance/TotalDelinquencies":0.29366645216941833,"baseline/Logistic Regression_gini":0.7107715360469447,"xgb_optuna/cv_time":21.209174871444702,"baseline/Random Forest_accuracy":0.8337738881943204,"updated_ensemble/auc_roc":0.9851437871579204,"project/final_best_model":"Updated_Ensemble","ensemble/nn_mlp_accuracy":0.7941953920342918,"ensemble/lr_training_time":6.128888368606567,"xgb_optuna/optimization_time":437.7448561191559,"xgb_final/precision":0.9631395217897226,"data_split/train_samples":223958,"neural_network/accuracy":0.7368637256652973,"xgb_final/f1":0.9392708104546453,"ensemble/recall":0.9406679764243615,"ensemble/xgb_auc_roc":0.9837034883726493,"_wandb":{"runtime":1696},"feature_importance/age":0.07325489819049835,"baseline/Random Forest_precision":0.8394855398924574,"ensemble/rf_precision":0.8816793893129771,"data_split/split_time":0.11423492431640625,"visualizations/roc_pr_combined":{"format":"png","width":3898,"height":1631,"_type":"image-file","sha256":"29b9de0379589c6d67f93cfafa3c84ab019ac30e13889d19e25b239409196e95","size":174760,"path":"media/images/visualizations/roc_pr_combined_66_29b9de0379589c6d67f9.png"},"project/business_dataset_created":279948,"ensemble/nn_mlp_precision":0.7937442042941721,"xgb_optuna/trial_std":0.0008388499501504504,"baseline/Logistic Regression_accuracy":0.7747097696017146,"CreditRiskNN/learning_rate":0.0005782172325201155,"ensemble/lr_accuracy":0.7767279871405608,"fixing/method_used":"Method 4 (Winsorize & Scale)","project/credit_scores_generated":55990,"xgb_optuna/trial_number":19,"_step":70,"_runtime":1696,"ensemble/lr_f1_score":0.7716420364247484,"ensemble/auc_pr":0.9876099209661128,"baseline/Random Forest_recall":0.8253616717270941,"baseline/Random Forest_auc_roc":0.9181654654032861,"feature_importance/CreditUtilizationCategory_Low":0.07310514897108078,"ensemble/nn_mlp_final_loss":0.44073618450233637,"ensemble/rf_f1_score":0.8822930982169948,"baseline/Logistic Regression_f1_score":0.7717584048058481,"feature_importance/CreditCapacityRatio":0.05784318596124649,"ensemble/training_time":52.06500554084778,"baseline/Logistic Regression_average_precision":0.8523167904205113,"baseline/Logistic Regression_brier_score":0.15523243130261918,"ensemble/nn_mlp_recall":0.7949633863189856,"xgb_optuna/n_trials_completed":20,"CreditRiskNN/epoch_time":9.316369533538818,"updated_ensemble/training_time":17.9241886138916,"baseline/Random Forest_f1_score":0.832363695311515,"baseline/Random Forest_average_precision":0.9207356656250886,"baseline/Logistic Regression_model":"Logistic Regression","neural_network/f1_score":0.7554079853905536,"ensemble/auc_roc":0.9842025747651402,"CreditRiskNN/val_auc":0.8103988206757892,"feature_importance/NumberOfTime60-89DaysPastDueNotWorse":0.04121432453393936,"ensemble/rf_training_time":6.105377197265625,"baseline/Logistic Regression_ks_statistic":0.5499910698338989,"feature_importance/NumberOfTimes90DaysLate":0.0894794762134552,"neural_network/avg_epoch_time":9.078920245170593,"fixing/original_max_score":1086,"xgb_optuna/best_auc":0.983037618283633,"fixing/fixed_min_score":350,"updated_ensemble/recall":0.9426683336310056,"baseline/Logistic Regression_precision":0.7820028601811448,"updated_ensemble/precision":0.9555708440453344,"ensemble/nn_mlp_epochs":51,"ensemble/lr_auc_roc":0.8572021845428794,"business/portfolio_dashboard":{"width":4615,"height":2016,"_type":"image-file","sha256":"cffed19e3c7b9598e24c6ead25fc6a8d55e3423eb149ab999ac1f400461391a9","size":349629,"path":"media/images/business/portfolio_dashboard_68_cffed19e3c7b9598e24c.png","format":"png"},"data_split/validation_samples":55990,"ensemble/balanced_accuracy":0.9490444722271834,"ensemble/precision":0.9566954879023468,"ensemble/xgb_training_time":6.248698711395264,"ensemble/f1_score":0.9486140379315935,"ensemble/nn_mlp_auc_roc":0.873045050112124,"xgb_final/training_time":2.6841461658477783,"baseline/Random Forest_gini":0.8363309308065723,"project/final_best_auc":0.983037618283633,"feature_importance/NumberRealEstateLoansOrLines":0.06498538702726364,"neural_network/training_time":181.64651226997375,"visualizations/score_vs_prob":{"width":3497,"height":1734,"_type":"image-file","sha256":"c4693df148664f62aa9676d1f0f91ac9fdbaed739be38233040f54910d1f7c00","size":252974,"path":"media/images/visualizations/score_vs_prob_63_c4693df148664f62aa96.png","format":"png"},"xgb_optuna/trial_auc":0.983037618283633,"baseline/Random Forest_brier_score":0.11741104072819,"baseline/Logistic Regression_recall":0.761778889087337,"ensemble/rf_accuracy":0.8822111091266297,"ensemble/lr_precision":0.7896291311499926,"ensemble/xgb_recall":0.9158778353277371,"fixing/validation_passed":true,"fixing/original_min_score":-638,"epoch":19,"feature_importance/CreditUtilizationCategory_Very High":0.0784749984741211,"feature_importance/NumberOfDependents":0.03523717075586319,"CreditRiskNN/train_loss":0.6523029141426087,"xgb_final/recall":0.9165565279514198,"xgb_final/auc_roc":0.9836387650041226,"ensemble/xgb_f1_score":0.9389361896914767,"ensemble/accuracy":0.9490444722271835,"visualizations/ks_plot":{"_type":"image-file","sha256":"9ed06e82466da15c7e9d3821d6ff03e9985e59571ab19ea898acc9e427eeeb4c","size":168542,"path":"media/images/visualizations/ks_plot_67_9ed06e82466da15c7e9d.png","format":"png","width":2503,"height":1633}}