{"data_split/split_time":0.08256316184997559,"_timestamp":1.7643077677169654e+09,"_step":0,"data_split/train_samples":120000,"data_split/validation_samples":30000,"_wandb":{"runtime":984},"_runtime":984}