{"data_split/train_samples":223958,"baseline/Logistic Regression_precision":0.7820028601811448,"baseline/Logistic Regression_auc_roc":0.8553857680234723,"baseline/Logistic Regression_f1_score":0.7717584048058481,"baseline/Logistic Regression_brier_score":0.15523243130261918,"baseline/Logistic Regression_recall":0.761778889087337,"baseline/Logistic Regression_gini":0.7107715360469447,"data_split/validation_samples":55990,"data_split/split_time":0.11792111396789551,"baseline/Logistic Regression_ks_statistic":0.5499910698338989,"_step":1,"baseline/Logistic Regression_fit_time":2.295989990234375,"baseline/Logistic Regression_model":"Logistic Regression","baseline/Logistic Regression_accuracy":0.7747097696017146,"_timestamp":1.7651984523029456e+09,"_runtime":180,"baseline/Logistic Regression_inference_time":0.0061986446380615234,"_wandb":{"runtime":180},"baseline/Logistic Regression_average_precision":0.8523167904205113}