{"baseline/Logistic Regression_precision":0.7820028601811448,"ensemble/rf_recall":0.8829076620825147,"ensemble/lr_accuracy":0.7767279871405608,"_timestamp":1.7651847452205665e+09,"fixing/original_max_score":1086,"baseline/Logistic Regression_fit_time":2.6260414123535156,"feature_importance/CreditUtilizationCategory_Very High":0.06830383092164993,"xgb_final/recall":0.9130916235041971,"baseline/Random Forest_model":"Random Forest","ensemble/nn_mlp_auc_roc":0.873045050112124,"ensemble/nn_mlp_f1_score":0.7943533275034355,"updated_ensemble/precision":0.9541984732824428,"ensemble/lr_auc_roc":0.8572021845428794,"project/final_best_model":"Updated_Ensemble","data_split/validation_samples":55990,"updated_ensemble/auc_roc":0.9845364809965139,"baseline/Logistic Regression_model":"Logistic Regression","feature_importance/CreditCapacityRatio":0.05673794820904732,"ensemble/lr_recall":0.7544561528844437,"visualizations/ks_plot":{"_type":"image-file","sha256":"4d75deffbbbadb0ec27a2c330245f12e672baa9348f407cd09bf61286f064708","size":136023,"path":"media/images/visualizations/ks_plot_67_4d75deffbbbadb0ec27a.png","format":"png","width":2457,"height":1566},"feature_importance/NumberOfTimes90DaysLate":0.12954510748386383,"fixing/fixed_min_score":350,"baseline/Logistic Regression_average_precision":0.8523167904205113,"ensemble/rf_accuracy":0.8822111091266297,"neural_network/auc_roc":0.8296465182193091,"CreditRiskNN/val_auc":0.8103988206757892,"baseline/Logistic Regression_auc_roc":0.8553857680234723,"baseline/Random Forest_accuracy":0.8337738881943204,"baseline/Random Forest_recall":0.8253616717270941,"visualizations/score_vs_prob":{"sha256":"ac86329769428677c9046e52b5c9bf3dc5291fc2aedde490f43d6294596d74d5","size":174620,"path":"media/images/visualizations/score_vs_prob_63_ac86329769428677c904.png","format":"png","width":2522,"height":1628,"_type":"image-file"},"ensemble/xgb_training_time":5.1091320514678955,"ensemble/accuracy":0.9481335952848723,"baseline/Random Forest_f1_score":0.832363695311515,"xgb_optuna/trial_auc":0.96997723555783,"ensemble/xgb_recall":0.9129844615109841,"project/final_best_auc":0.981363795692743,"ensemble/auc_roc":0.983475220631245,"baseline/Logistic Regression_recall":0.761778889087337,"fixing/validation_passed":true,"ensemble/auc_pr":0.9867913418432825,"baseline/Random Forest_brier_score":0.11741104072819,"feature_importance/NumberRealEstateLoansOrLines":0.051514532417058945,"business/portfolio_dashboard":{"_type":"image-file","sha256":"8368cd7033e86c0e13f0b92b9d83bc6dede5c6d2561ab28db8071fe30d7fe5cc","size":244158,"path":"media/images/business/portfolio_dashboard_68_8368cd7033e86c0e13f0.png","format":"png","width":4535,"height":2052},"CreditRiskNN/train_loss":0.6523029141426087,"xgb_final/accuracy":0.9377031612787998,"xgb_optuna/optimization_time":374.3914370536804,"_wandb":{"runtime":9115},"ensemble/precision":0.9544647708748415,"ensemble/nn_mlp_final_loss":0.44073618450233637,"data_split/train_samples":223958,"baseline/Logistic Regression_gini":0.7107715360469447,"ensemble/rf_f1_score":0.8822930982169948,"ensemble/lr_precision":0.7896291311499926,"xgb_optuna/trial_number":19,"baseline/Random Forest_gini":0.8363309308065723,"feature_importance/RevolvingUtilizationOfUnsecuredLines":0.07180558145046234,"baseline/Random Forest_fit_time":5.369752407073975,"project/business_dataset_created":279948,"xgb_optuna/trial_std":0.0006211119032227808,"project/credit_scores_generated":55990,"fixing/method_used":"Method 4 (Winsorize & Scale)","CreditRiskNN/val_loss":0.6918422136132576,"neural_network/avg_epoch_time":10.503554117679595,"xgb_optuna/best_auc":0.981363795692743,"feature_importance/NumberOfTime60-89DaysPastDueNotWorse":0.053307823836803436,"ensemble/nn_mlp_training_time":31.05315089225769,"baseline/Random Forest_average_precision":0.9207356656250886,"ensemble/nn_mlp_precision":0.7937442042941721,"neural_network/accuracy":0.7368637256652973,"xgb_final/precision":0.9603636773490626,"updated_ensemble/f1_score":0.9481271119419081,"feature_importance/age":0.07115234434604645,"xgb_final/f1":0.9361312532044239,"ensemble/f1_score":0.9477697841726619,"ensemble/nn_mlp_accuracy":0.7941953920342918,"ensemble/training_time":50.72839093208313,"xgb_final/auc_roc":0.982320508525988,"CreditRiskNN/epoch_time":10.5344979763031,"fixing/fixed_max_score":800,"baseline/Random Forest_inference_time":0.06252789497375488,"feature_importance/TotalDelinquencies":0.3113352656364441,"ensemble/rf_precision":0.8816793893129771,"neural_network/f1_score":0.7554079853905536,"ensemble/rf_auc_roc":0.9549045381352863,"baseline/Logistic Regression_f1_score":0.7717584048058481,"baseline/Logistic Regression_inference_time":0.00918722152709961,"baseline/Random Forest_precision":0.8394855398924574,"data_split/split_time":0.12831473350524902,"ensemble/xgb_accuracy":0.9375424182889802,"ensemble/balanced_accuracy":0.9481335952848723,"updated_ensemble/training_time":16.904754400253296,"ensemble/nn_mlp_epochs":51,"ensemble/xgb_precision":0.9601427498121713,"CreditRiskNN/learning_rate":0.0005782172325201155,"visualizations/roc_pr_combined":{"sha256":"9b13812b8f0daba8fdcd1b733daf4413690a9c094f8504fecddbe4a8360ca779","size":141615,"path":"media/images/visualizations/roc_pr_combined_66_9b13812b8f0daba8fdcd.png","format":"png","width":3852,"height":1565,"_type":"image-file"},"xgb_optuna/n_trials_completed":20,"project/completion_status":"SUCCESS","ensemble/xgb_auc_roc":0.9823680867411804,"feature_importance/NumberOfDependents":0.038244664669036865,"visualizations/score_histogram":{"format":"png","width":2555,"height":1628,"_type":"image-file","sha256":"c71331644476f4ce4d70361cfc23ff4797d7ef4ed5fbe55a43955e6c5a3e29c2","size":162634,"path":"media/images/visualizations/score_histogram_62_c71331644476f4ce4d70.png"},"xgb_optuna/cv_time":22.924495697021484,"baseline/Random Forest_ks_statistic":0.6716913734595464,"xgb_final/training_time":2.485121965408325,"ensemble/lr_training_time":6.766524791717529,"baseline/Logistic Regression_accuracy":0.7747097696017146,"ensemble/nn_mlp_recall":0.7949633863189856,"_runtime":9115,"_step":71,"updated_ensemble/recall":0.9421325236649402,"visualizations/score_band_stacked":{"size":135733,"path":"media/images/visualizations/score_band_stacked_64_219c83790e5ef069e39e.png","format":"png","width":3019,"height":1751,"_type":"image-file","sha256":"219c83790e5ef069e39ed2d00f681db448047fa0d2e7242649b4f0f57c12f98a"},"ensemble/recall":0.9411680657260225,"neural_network/training_time":210.16575980186462,"baseline/Random Forest_auc_roc":0.9181654654032861,"baseline/Logistic Regression_brier_score":0.15523243130261918,"visualizations/score_dual_axis":{"format":"png","width":3610,"height":1981,"_type":"image-file","sha256":"d62072bd03736530f4cbe95005a76e4a7bb4910e7903cfa62bce38ff8ff798e7","size":196966,"path":"media/images/visualizations/score_dual_axis_65_d62072bd03736530f4cb.png"},"baseline/Logistic Regression_ks_statistic":0.5499910698338989,"epoch":19,"ensemble/rf_training_time":6.343989849090576,"fixing/original_min_score":-638,"ensemble/lr_f1_score":0.7716420364247484,"feature_importance/CreditUtilizationCategory_Low":0.03361211717128754,"ensemble/xgb_f1_score":0.9359699716195184}